IDCar,Brand,Model,Year,InitialMileage
4,Ford,Aspire,1995,1475
5,Ford,Club Wagon,1994,50
6,GMC,Sonoma,2002,3
7,Nissan,Armada,2007,8678
8,Pontiac,Safari,1988,72086
9,Pontiac,Grand Prix,1998,72627
10,Chevrolet,Avalanche,2007,5325
11,Dodge,Grand Caravan,2003,51
12,GMC,Sierra,2012,13527
13,Land Rover,Discovery,2000,6061
14,Chevrolet,TrailBlazer,2006,03415
15,Saturn,S-Series,2001,876
16,Ford,F150,1999,461
17,Daewoo,Leganza,1999,9605
18,Lexus,IS-F,2010,28190
19,GMC,Vandura 3500,1993,75
20,GMC,Envoy,2003,6711
21,Infiniti,G25,2011,3937
22,BMW,5 Series,2002,73
23,Lincoln,Continental Mark VII,1989,1
24,Ford,Contour,2000,66655
25,Subaru,Impreza,2010,902
26,Hyundai,Tucson,2007,78335
27,Subaru,Impreza,2004,506
28,Geo,Metro,1992,152
29,Daewoo,Nubira,2002,57070
30,Chevrolet,Impala,2004,263
31,Mazda,RX-7,1990,28
32,Cadillac,Catera,2001,3345
33,Acura,TSX,2007,29569
34,Pontiac,Grand Prix,2008,6581
35,Pontiac,Grand Am,1989,2
36,Geo,Metro,1997,13
37,Honda,Pilot,2012,99096
38,Chevrolet,Express 2500,2012,36
39,Chrysler,Imperial,1993,87768
40,Suzuki,XL-7,2003,41868
41,Dodge,Neon,2004,15
42,Dodge,Ram Wagon B150,1993,57253
43,Acura,TL,2003,191
44,Mercury,Mystique,2000,9989
45,Aston Martin,DB9,2005,9
46,Audi,A4,2008,4928
47,Pontiac,Sunfire,1995,05
48,Chevrolet,Express 2500,1996,94972
49,Nissan,Xterra,2001,9927
50,Porsche,Boxster,1998,26359
51,Audi,A6,1998,83
52,Geo,Tracker,1995,8866
53,Mitsubishi,Eclipse,1994,76768
54,Land Rover,Range Rover Sport,2010,46
55,Ford,Thunderbird,2002,1466
56,Mitsubishi,Lancer,2006,5766
57,Honda,Odyssey,2002,94540
58,Mazda,Mazda6 5-Door,2006,328
59,Honda,Pilot,2005,8771
60,Chevrolet,Caprice Classic,1995,2
61,Toyota,Prius,2009,235
62,Scion,iQ,2012,0
63,Cadillac,Seville,1995,9
64,Ford,Escape,2004,6
65,Volkswagen,Touareg,2005,4
66,Dodge,Ram,2008,1
67,Saab,9-3,2004,31342
68,Pontiac,Vibe,2007,6524
69,Ford,Econoline E250,2002,4959
70,Cadillac,DeVille,2000,1
71,Tesla,Roadster,2011,4523
72,Mercedes-Benz,SL-Class,1994,59
73,Cadillac,DeVille,2000,5
74,Oldsmobile,Intrigue,1998,844
75,Toyota,Paseo,1997,0
76,Pontiac,Grand Prix,1992,9
77,Volkswagen,GTI,1995,904
78,Nissan,Quest,1996,446
79,Dodge,Dynasty,1993,2101
80,Toyota,Highlander,2007,84243
81,Mercedes-Benz,R-Class,2010,6
82,Kia,Rio5,2008,5762
83,Volkswagen,Jetta,2008,34439
84,Chrysler,300C,2005,13
85,Chrysler,300M,2003,62805
86,Kia,Rio5,2008,23626
87,Hummer,H3,2006,013
88,Ford,Expedition,2005,11266
89,Mazda,MX-5,2006,8243
90,Hummer,H1,2001,3845
91,Mitsubishi,Mighty Max,1986,5862
92,GMC,Canyon,2006,15
93,Volkswagen,rio,1995,40
94,Lincoln,Continental,2000,42209
95,Infiniti,EX,2008,2
96,Honda,Accord,1999,2
97,Isuzu,Hombre Space,1998,4247
98,Audi,A8,1999,47
99,Audi,S4,1992,25577
100,Audi,4000s,1985,756
101,Chevrolet,Caprice,1995,98310
102,Chevrolet,Impala SS,1994,509
103,Land Rover,Defender 90,1997,72
104,Acura,NSX,1994,76819
105,Mazda,RX-8,2009,50825
106,Chevrolet,Express 2500,2002,900
107,Plymouth,Voyager,1994,5941
108,Volkswagen,Passat,1990,0694
109,Chevrolet,Metro,1999,7
110,Ford,F-250 Super Duty,2006,02
111,Saturn,Aura,2007,18874
112,Saturn,Aura,2009,475
113,Chevrolet,Suburban 1500,2011,2
114,GMC,Yukon XL 1500,2009,69
115,Mercury,Milan,2007,7700
116,Chevrolet,Express 1500,1998,58731
117,Volkswagen,Cabriolet,1995,0
118,Mercedes-Benz,C-Class,1996,5
119,Ford,Taurus,2005,8
120,Suzuki,Swift,2000,812
121,Chevrolet,Venture,2005,4300
122,Chevrolet,Silverado 1500,2001,736
123,Toyota,MR2,2005,12840
124,MINI,Clubman,2010,7590
125,Saab,9-5,2011,6
126,Volkswagen,rio,2000,3437
127,Chrysler,Crossfire,2008,64
128,Honda,del Sol,1996,4295
129,Volvo,S60,2001,442
130,Audi,S4,2012,871
131,Cadillac,Escalade,2005,322
132,Nissan,Xterra,2008,172
133,Porsche,911,2004,7025
134,Audi,TT,2000,058
135,Jaguar,XJ Series,2003,6
136,Ford,Aerostar,1990,18877
137,Porsche,Boxster,2013,0
138,Ford,F150,1993,3
139,Dodge,Ram 2500,2005,75
140,Lexus,IS,2012,03382
141,Volkswagen,Golf,2003,2
142,BMW,5 Series,2010,663
143,Dodge,Ram 1500 Club,2001,223
144,Volkswagen,New Beetle,2002,06
145,Chevrolet,Tahoe,2002,22
146,Suzuki,Grand Vitara,2006,82
147,Nissan,Sentra,1995,571
148,Chevrolet,Astro,1995,3506
149,Lexus,GS,1999,7019
150,Mercury,Marauder,2004,36
151,Chevrolet,HHR,2008,44
152,Chevrolet,Suburban 1500,1993,1595
153,Jeep,Compass,2007,9785
154,Toyota,Venza,2011,5040
155,Mazda,Mazdaspeed6,2006,4122
156,Ford,Mustang,1965,424
157,Nissan,Cube,2009,2338
158,Maybach,Landaulet,2012,663
159,Volkswagen,Corrado,1994,90018
160,Ferrari,F430,2006,02
161,Porsche,Cayman,2012,5
162,Pontiac,Trans Sport,1999,14
163,Ford,E-350 Super Duty Van,2006,3395
164,Isuzu,i-370,2008,95
165,Porsche,Cayenne,2008,230
166,Chevrolet,S10,1993,48
167,Honda,CR-V,1998,6
168,GMC,Savana 1500,1999,974
169,Lotus,Elan,1994,944
170,Mercury,Sable,2008,72108
171,Land Rover,Freelander,2008,755
172,Acura,Integra,1994,4
173,Lotus,Evora,2010,22
174,Chrysler,Concorde,2002,29844
175,Dodge,Ram 2500,1996,23381
176,Lexus,RX,2013,43832
177,Toyota,Venza,2011,0
178,BMW,1 Series,2012,1399
179,Isuzu,i-Series,2008,4
180,GMC,Suburban 1500,1994,85
181,Lexus,IS,2003,42313
182,Audi,TT,2001,7903
183,Cadillac,Fleetwood,1993,38
184,Chevrolet,Venture,2001,218
185,Acura,ZDX,2012,8045
186,Mercury,Grand Marquis,2001,0806
187,Pontiac,Bonneville,2000,53583
188,GMC,Sierra 2500,2008,145
189,GMC,Sonoma,1997,258
190,Ford,F-Series,1990,25
191,Toyota,Camry,1994,8
192,Infiniti,Q,1998,3093
193,Infiniti,FX,2012,54
194,Lamborghini,Gallardo,2003,2234
195,Ford,EXP,1984,73
196,Ford,C-MAX Hybrid,2013,4
197,Nissan,Quest,2000,98178
198,Chevrolet,Colorado,2009,8
199,Hyundai,Veloster,2013,6
200,Chevrolet,Venture,2002,11
201,Nissan,Frontier,2001,9
202,Audi,Coupe GT,1986,54
203,Land Rover,Freelander,2009,95
204,Ford,F350,1993,60319
205,Mercedes-Benz,C-Class,2012,3
206,Land Rover,Range Rover Sport,2006,9729
207,Honda,Pilot,2003,14552
208,Nissan,Armada,2010,793
209,Dodge,Ram Van B350,1992,4374
210,Mazda,929,1990,1713
211,Porsche,Cayenne,2010,223
212,Pontiac,Grand Prix,1997,4031
213,Dodge,Durango,2004,5
214,Honda,Pilot,2007,5652
215,Mercury,Cougar,1967,0832
216,Porsche,944,1988,84937
217,Audi,5000S,1985,8297
218,Peugeot,207,2007,233
219,Nissan,Altima,1996,5691
220,Chevrolet,Lumina,1995,78
221,Porsche,944,1991,57266
222,Ford,F-Series,2009,51
223,Mazda,RX-7,1990,7552
224,Subaru,Justy,1994,88261
225,BMW,X5,2007,59
226,Dodge,Ram Van B250,1992,3563
227,Porsche,Boxster,2010,39330
228,Acura,CL,2001,84725
229,Mitsubishi,Truck,1992,95803
230,Pontiac,GTO,2006,8831
231,Hummer,H1,2000,4
232,Toyota,4Runner,2007,42096
233,Jeep,Wrangler,2005,28087
234,Mazda,Mazda6,2013,98
235,Cadillac,Eldorado,2000,38
236,Mercedes-Benz,S-Class,1989,8218
237,Chevrolet,Express 1500,2011,06
238,Pontiac,Grand Prix,1982,0567
239,Mazda,B-Series,2001,16766
240,BMW,1 Series,2012,8212
241,Nissan,Rogue,2011,17082
242,Lexus,LS,2002,08
243,Nissan,GT-R,2012,2967
244,Chrysler,Sebring,2004,059
245,Mitsubishi,Truck,1991,26807
246,Toyota,Camry,2004,553
247,Chevrolet,TrailBlazer,2006,26623
248,Maybach,Landaulet,2012,55
249,Nissan,Maxima,2003,4
250,Lexus,LX,1999,58735
251,Volkswagen,R32,2004,7
252,Dodge,Ram 3500,1995,7
253,Dodge,D350 Club,1992,8986
254,Lexus,LS,2002,25735
255,Chevrolet,Express 1500,1997,885
256,Toyota,MR2,1992,450
257,Dodge,Ram Van B350,1993,36
258,Cadillac,XLR-V,2007,7497
259,Chevrolet,Sportvan G30,1995,5864
260,Buick,Regal,1993,601
261,Mazda,Mazda5,2007,721
262,Ford,Contour,1999,28
263,Plymouth,Voyager,1995,24023
264,Chevrolet,Silverado 2500,2012,000
265,Mazda,626,1988,57
266,GMC,Yukon XL 1500,2010,35
267,Nissan,Pathfinder,1997,48
268,Acura,CL,2001,6850
269,Mitsubishi,Diamante,2000,94
270,Ford,Probe,1991,42
271,GMC,2500 Club Coupe,1994,35
272,Pontiac,Grand Prix,1993,514
273,GMC,2500 Club Coupe,1992,6
274,Dodge,Avenger,2000,816
275,Acura,MDX,2012,67
276,Honda,Prelude,1986,260
277,Chevrolet,Tahoe,1995,8248
278,Audi,Coupe GT,1985,103
279,Toyota,Avalon,2002,3222
280,BMW,M,2001,8735
281,Jaguar,XF,2012,04
282,Pontiac,Firefly,1989,9
283,Land Rover,Discovery,2000,0
284,Ford,Bronco,1984,65
285,Infiniti,M,2011,25
286,Dodge,Ram 2500,1995,09087
287,Toyota,Corolla,2010,3
288,Porsche,Boxster,2006,58
289,Mazda,B-Series,2001,2
290,Mercury,Villager,2000,980
291,GMC,Rally Wagon 2500,1992,12739
292,Subaru,Forester,2003,3
293,Mercury,Mariner,2010,286
294,Buick,Regal,2012,0477
295,Dodge,Stratus,2001,01
296,Eagle,Summit,1995,9
297,Audi,Q7,2008,4
298,Chevrolet,Express 2500,2007,5
299,Pontiac,Montana,2003,1039
300,Chevrolet,Colorado,2011,8273
301,Ford,F-Series,2003,37003
302,Mercedes-Benz,SLR McLaren,2006,5
303,Audi,A4,1996,02
304,Plymouth,Neon,2000,760
305,Ford,Crown Victoria,1997,82
306,Mazda,929,1987,947
307,Chevrolet,G-Series G10,1993,5685
308,GMC,Sierra 2500,2003,9
309,Honda,Prelude,2000,11437
310,Hyundai,Accent,1998,4
311,Maserati,Biturbo,1986,501
312,Mazda,CX-7,2009,07553
313,Suzuki,Forenza,2008,928
314,Cadillac,CTS-V,2011,11
315,Nissan,Maxima,1998,9482
316,GMC,Canyon,2012,0
317,Buick,Somerset,1987,5278
318,Volkswagen,New Beetle,1998,66978
319,BMW,6 Series,2006,83
320,Lamborghini,Diablo,1998,245
321,Honda,Fit,2007,437
322,Audi,90,1989,0934
323,Honda,CR-V,1999,96
324,Volkswagen,GTI,1988,17
325,Chevrolet,Blazer,1995,6
326,Ford,F150,2000,604
327,Mercury,Grand Marquis,2002,820
328,Cadillac,Fleetwood,1992,44422
329,Pontiac,Grand Am,1989,4483
330,Volvo,C70,1998,9
331,Acura,Integra,1999,82858
332,Dodge,Caliber,2011,236
333,GMC,Sierra Denali,2006,19456
334,Audi,A6,2011,1393
335,Suzuki,Swift,2001,1
336,Ford,Excursion,2004,054
337,Mitsubishi,Montero,2000,6
338,Saab,9-3,2000,69751
339,Mercedes-Benz,S-Class,1993,4424
340,Lamborghini,Gallardo,2010,611
341,Audi,A6,1997,77017
342,Volvo,XC90,2013,6063
343,Audi,80,1992,9
344,Oldsmobile,Silhouette,1994,8
345,Buick,Skylark,1987,0401
346,Lexus,LS,1995,591
347,Porsche,968,1995,00
348,Kia,Sportage,2006,84855
349,Mitsubishi,Galant,1996,2446
350,Kia,Sedona,2011,0
351,Volkswagen,Golf,1991,581
352,Lexus,ES,2000,926
353,Studebaker,Avanti,1962,43581
354,Toyota,Tacoma Xtra,2004,90
355,Scion,tC,2007,683
356,Lexus,ES,2004,1
357,Nissan,Armada,2005,1129
358,Volkswagen,CC,2009,5190
359,Ford,F150,2012,6278
360,Fairthorpe,Rockette,1960,4118
361,GMC,Sierra 3500,2004,65
362,GMC,Safari,1995,6629
363,Mercedes-Benz,SL-Class,1989,38458
364,Chevrolet,Impala SS,1994,5
365,Toyota,Matrix,2004,00
366,Dodge,Viper,1997,48
367,Volvo,850,1993,92
368,Lincoln,Navigator,2006,580
369,Ford,Mustang,1996,3
370,Plymouth,Reliant,1981,31
371,Lamborghini,Gallardo,2009,949
372,GMC,1500,1996,0
373,Toyota,Avalon,2012,2
374,Ford,Taurus,2007,2
375,Dodge,Ram Van 3500,1995,0
376,Mercury,Topaz,1990,59298
377,Ford,LTD Crown Victoria,1991,23576
378,Dodge,Ram Van 2500,2001,4
379,BMW,X5,2003,44
380,Oldsmobile,Alero,2003,012
381,Pontiac,6000,1984,7
382,Pontiac,G6,2010,64825
383,Mitsubishi,Mirage,1992,9
384,Mazda,MPV,2006,834
385,Chrysler,Town & Country,1995,46143
386,Hyundai,Sonata,2012,27
387,Chevrolet,Cavalier,1995,7
388,Maserati,Karif,1990,4
389,Audi,A8,2003,977
390,Mercedes-Benz,G-Class,2012,11
391,Cadillac,Escalade,2011,72225
392,Cadillac,Escalade,2012,99
393,Kia,Optima,2005,38
394,Volkswagen,Eurovan,1992,0
395,Ford,Aspire,1997,871
396,Pontiac,Bonneville,1988,13
397,Ford,Focus,2011,01760
398,Volvo,S40,2007,7714
399,Mercury,Sable,2002,924
400,Jeep,Commander,2010,33656
401,Infiniti,G,2007,51460
402,Chevrolet,Corvette,1964,396
403,Land Rover,Range Rover,1996,251
404,Jaguar,S-Type,2004,066
405,Nissan,Frontier,2001,45837
406,Ford,Mustang,1972,98
407,Chevrolet,Cobalt,2006,91246
408,Chrysler,LHS,1999,0
409,Ford,Focus,2012,43105
410,Chevrolet,Aveo,2008,767
411,Chrysler,Cirrus,1996,84
412,Scion,tC,2007,999
413,Dodge,Durango,2012,3041
414,Mitsubishi,Truck,1989,33931
415,Lincoln,Aviator,2005,5970
416,Mercedes-Benz,S-Class,1989,7928
417,Mitsubishi,Truck,1996,073
418,Ford,F250,1993,078
419,Isuzu,Rodeo Sport,2003,061
420,Dodge,Dakota,2010,75804
421,Land Rover,Range Rover,2004,0
422,Subaru,Tribeca,2012,5508
423,Dodge,Ram 3500,1994,6535
424,Mercedes-Benz,E-Class,1994,05665
425,Volvo,940,1992,52
426,GMC,Envoy,2007,8
427,Dodge,Ram 1500,1997,97
428,Chevrolet,Caprice,1991,8
429,Hyundai,Azera,2011,7
430,Pontiac,Grand Am,1985,41051
431,Subaru,Impreza,2002,33
432,Volkswagen,rio,1996,3
433,Subaru,Outback,2008,3786
434,Audi,100,1989,172
435,Hummer,H2,2007,3
436,Suzuki,Swift,1996,95
437,Toyota,Avalon,2003,1
438,Ford,F250,2001,09
439,Suzuki,Aerio,2004,40
440,Honda,Accord,1985,6910
441,Mercedes-Benz,190E,1993,32347
442,Infiniti,G,2007,5
443,Buick,Terraza,2005,421
444,Mercury,Grand Marquis,1988,21227
445,Buick,Skylark,1992,0
446,Chevrolet,G-Series G10,1993,5
447,Mitsubishi,Pajero,1991,95
448,Mazda,Mazda3,2010,6
449,Mazda,RX-7,1986,1
450,Scion,tC,2006,42927
451,Ford,E-Series,1986,11
452,Audi,A6,1997,1768
453,Hyundai,Sonata,1998,80
454,Toyota,T100,1993,1
455,Ford,Escort,1989,3163
456,Pontiac,Montana,2004,9833
457,Land Rover,Defender,1992,71
458,Ford,Bronco,1985,91
459,Buick,LeSabre,1987,020
460,GMC,Savana 3500,1997,8339
461,Oldsmobile,Cutlass Supreme,1994,9
462,Volkswagen,GTI,2010,6939
463,Lexus,ES,2012,14
464,Mazda,626,1983,057
465,Mazda,B-Series,2007,3
466,Volkswagen,Scirocco,1987,94237
467,Mercedes-Benz,M-Class,2002,87
468,Dodge,Dakota,1996,6
469,Mercury,Topaz,1985,221
470,Mazda,626,1984,0
471,Ford,Ranger,1993,42
472,Ford,Contour,1998,24
473,Hyundai,Genesis,2012,79487
474,Mercury,Tracer,1989,00
475,Dodge,D150 Club,1993,11
476,Subaru,Impreza,1996,0128
477,Acura,ZDX,2010,438
478,GMC,Yukon XL 1500,2008,8566
479,Chevrolet,Tahoe,1999,762
480,Ford,Taurus,1990,812
481,Ford,Bronco,1990,64578
482,Spyker,C8 Spyder Wide Body,2004,780
483,Bentley,Continental GT,2012,33429
484,Oldsmobile,Ciera,1992,7
485,Lincoln,LS,2003,63
486,Kia,Sportage,2000,39070
487,Mazda,B-Series,1988,500
488,Toyota,Celica,2004,91
489,Subaru,Baja,2006,326
490,Dodge,Viper,1997,91
491,Ford,Thunderbird,2002,8192
492,Acura,TL,2008,4824
493,Mitsubishi,Galant,1998,08
494,Peugeot,207,2006,68277
495,Volkswagen,Touareg,2006,5990
496,Plymouth,Colt Vista,1993,0
497,Mitsubishi,Outlander,2003,502
498,Chevrolet,Tahoe,2013,8
499,BMW,Z4 M,2006,548
500,Ford,Bronco II,1990,6136
501,Saab,9-3,2011,1
502,Lexus,IS,2005,01460
503,GMC,Sonoma,2000,81
504,Saab,9000,1990,138
505,Land Rover,LR2,2012,09480
506,Chevrolet,Silverado,2001,44814
507,Volkswagen,Tiguan,2009,44
508,Hyundai,Elantra,2013,1570
509,Chrysler,300,1999,61
510,Lincoln,Navigator,2011,88228
511,Honda,Insight,2002,641
512,GMC,Envoy,2002,9061
513,Toyota,Camry,1995,51054
514,Ford,Econoline E250,1994,45759
515,Toyota,Land Cruiser,1992,805
516,Buick,Century,2003,62
517,Chevrolet,Colorado,2009,833
518,Isuzu,Rodeo,2000,491
519,Volkswagen,Cabriolet,1999,9
520,Mitsubishi,Mirage,1991,121
521,Suzuki,Grand Vitara,2007,98
522,Chevrolet,Corvette,1958,7095
523,Toyota,T100 Xtra,1995,86
524,Cadillac,Escalade,2012,121
525,Volkswagen,Eos,2011,90
526,Suzuki,Aerio,2003,9281
527,BMW,7 Series,1993,977
528,Oldsmobile,Aurora,1997,7887
529,GMC,Savana 1500,1999,0
530,Plymouth,Voyager,1999,36108
531,Honda,Accord Crosstour,2010,517
532,Volvo,C30,2010,36632
533,Lincoln,MKS,2013,9718
534,BMW,7 Series,2012,78550
535,Volkswagen,CC,2010,6
536,Volvo,XC90,2004,5149
537,Toyota,RAV4,2000,0
538,GMC,Envoy XL,2003,3796
539,Volkswagen,Routan,2012,6
540,Ford,GT500,2007,293
541,Jeep,Compass,2007,4855
542,GMC,Sierra 2500,2003,95
543,Cadillac,DeVille,2002,2
544,Mazda,MX-5,2001,2
545,Ford,Econoline E250,2000,6202
546,Cadillac,Seville,1999,0138
547,Porsche,Boxster,2012,422
548,Toyota,Highlander,2011,020
549,BMW,3 Series,2007,4424
550,Kia,Forte,2012,590
551,Saab,9-3,2005,47490
552,BMW,545,2004,178
553,Suzuki,Reno,2005,39713
554,Ford,Aerostar,1990,7732
555,Ford,Mustang,2007,31484
556,Dodge,Ram 1500,2006,291
557,Volvo,XC90,2013,4
558,Nissan,Rogue,2009,53387
559,GMC,Savana 3500,2008,1111
560,GMC,3500 Club Coupe,1997,8
561,Nissan,Sentra,2001,73
562,Toyota,Camry,1996,08
563,Hyundai,Tiburon,1998,82
564,Volvo,V70,2009,8
565,Honda,CR-V,2007,47166
566,Lamborghini,Gallardo,2006,4
567,Audi,A8,1998,2282
568,Lexus,LX,2004,970
569,Mitsubishi,Pajero,1990,760
570,Scion,xB,2012,802
571,Toyota,RAV4,2007,972
572,Ford,E250,2008,07
573,Chevrolet,Camaro,1982,16687
574,Audi,A4,1997,9776
575,Ford,F250,2007,98024
576,Subaru,Outback,2006,67
577,Chevrolet,Tracker,1999,931
578,Mitsubishi,Eclipse,1997,1
579,Mitsubishi,Diamante,1998,4162
580,Honda,Civic,1995,44
581,Chevrolet,Suburban 1500,2005,3228
582,Mercedes-Benz,SL-Class,2003,736
583,Mitsubishi,Montero,2002,68
584,GMC,Yukon XL 1500,2002,3
585,Dodge,Dakota Club,1993,443
586,Ford,Expedition EL,2012,858
587,Porsche,Boxster,2006,16
588,Nissan,Maxima,1995,38425
589,Dodge,Ram 1500,2002,8442
590,Mercedes-Benz,CLS-Class,2009,099
591,Audi,Q5,2012,4138
592,Mazda,Mazda3,2004,4971
593,Pontiac,Bonneville,1988,85985
594,Chrysler,Town & Country,1992,45
595,Mercury,Grand Marquis,2003,0
596,Ford,E250,1984,951
597,Oldsmobile,Bravada,2001,0841
598,Mercury,Grand Marquis,2006,253
599,Lotus,Exige,2007,64
600,Mercedes-Benz,300TE,1993,8
601,Cadillac,CTS,2006,88003
602,Lexus,ES,2002,7
603,Ram,1500,2012,26614
604,GMC,Envoy,2005,693
605,Subaru,Impreza,2007,46005
606,Mazda,RX-7,1990,76106
607,Saab,900,1999,579
608,Chevrolet,Avalanche 1500,2006,57378
609,Lexus,RX,2010,8823
610,Cadillac,Escalade,2011,295
611,Land Rover,Discovery,2003,05
612,Chevrolet,Lumina APV,1992,86
613,Jaguar,XJ Series,2004,7
614,Subaru,Baja,2006,03
615,Ford,Aerostar,1986,19
616,Chevrolet,Blazer,1992,7812
617,BMW,525,2005,510
618,Jeep,Comanche,1992,78730
619,Mazda,Mazdaspeed 3,2010,40858
620,Nissan,Frontier,2008,50384
621,Toyota,FJ Cruiser,2009,8
622,GMC,Sierra 3500,2008,9055
623,Mercedes-Benz,CLK-Class,2004,2
624,Volvo,V70,2008,6164
625,Mazda,Mazda2,2011,42602
626,Jeep,Wrangler,1992,669
627,Plymouth,Laser,1989,6032
628,Nissan,200SX,1998,2
629,Nissan,Maxima,2010,6
630,Chevrolet,Corvette,2012,0
631,Hyundai,Sonata,2001,6538
632,Jaguar,XK,2008,2788
633,Honda,FCX Clarity,2012,99
634,Dodge,Caravan,2000,160
635,Dodge,Ram 3500,2007,504
636,BMW,Z3,1996,12
637,Pontiac,G6,2009,72720
638,Lotus,Exige,2009,034
639,Isuzu,Hombre,1996,94
640,Mercury,Sable,2009,720
641,Ford,Mustang,2001,5
642,Lincoln,Continental,1994,8495
643,Mitsubishi,Eclipse,1996,50
644,Lincoln,Continental Mark VII,1992,0
645,Audi,Q5,2011,5263
646,BMW,745,2004,77962
647,Suzuki,SJ 410,1984,5
648,Mazda,Mazda3,2004,954
649,Dodge,Ram 3500,2003,56
650,Chrysler,Sebring,2002,510
651,GMC,3500,1994,12786
652,Acura,MDX,2012,43
653,Porsche,968,1993,39249
654,Ford,Econoline E350,1993,3532
655,Nissan,NX,1993,974
656,Mercedes-Benz,E-Class,1997,35924
657,Acura,NSX,2005,55237
658,Nissan,Pathfinder,2001,60
659,Suzuki,Swift,2006,3
660,Hummer,H1,2000,4
661,Volvo,XC90,2003,5943
662,Dodge,Ram Van B250,1992,49
663,Cadillac,Eldorado,2002,20
664,Jeep,Grand Cherokee,2010,84027
665,Ford,F-Series Super Duty,2009,2149
666,Ford,Escape,2010,93180
667,Volkswagen,Jetta,2002,49777
668,BMW,6 Series,1989,41356
669,Ford,E-Series,1988,1
670,Ford,Contour,1995,36802
671,Dodge,Dakota,2011,6
672,Mazda,RX-7,1985,1
673,Toyota,Tacoma,2000,7
674,Audi,A6,2011,1484
675,Jaguar,XJ Series,2003,385
676,Bentley,Continental,2012,99231
677,Infiniti,QX,2000,6
678,Mazda,B-Series,1986,720
679,Pontiac,Safari,1989,473
680,BMW,X6,2010,73
681,Chrysler,LHS,1994,2443
682,Lexus,ES,2006,80
683,Ford,Ranger,2009,629
684,Pontiac,Sunbird,1986,8958
685,Chevrolet,Express 2500,2005,60765
686,Chevrolet,Corvette,2003,33
687,Mercedes-Benz,E-Class,2011,38
688,Subaru,Loyale,1993,3
689,GMC,Acadia,2010,0682
690,Mercury,Cougar,1967,4
691,Volvo,940,1994,31161
692,Mazda,Miata MX-5,2012,88540
693,Chevrolet,Suburban 1500,1995,99920
694,Suzuki,Sidekick,1989,1
695,Maybach,62,2007,39826
696,GMC,Sierra 1500,2010,24
697,Ferrari,599 GTB Fiorano,2010,7910
698,Chevrolet,Express 1500,2003,73746
699,Chevrolet,Cavalier,2002,3383
700,Mitsubishi,Eclipse,1996,778
701,Volvo,XC70,2012,599
702,Dodge,Viper,1994,7
703,Plymouth,Laser,1990,65
704,Mazda,MX-5,1999,69119
705,Oldsmobile,Aurora,2003,89
706,Pontiac,Grand Prix,1990,09
707,Renault,Alliance,1983,5894
708,Dodge,Nitro,2009,2
709,Chevrolet,Malibu,2006,8
710,Ford,F250,2008,327
711,Mitsubishi,Excel,1987,36
712,Kia,Optima,2003,7649
713,Audi,5000S,1987,818
714,Mazda,626,1999,51
715,Porsche,928,1995,18467
716,Lamborghini,Countach,1987,197
717,BMW,M6,2010,920
718,Nissan,Xterra,2004,01319
719,Chevrolet,Corvette,2000,25861
720,Mercedes-Benz,M-Class,2006,24
721,Honda,Civic,1998,7
722,Isuzu,Hombre,1999,9
723,Subaru,Alcyone SVX,1993,152
724,Mitsubishi,Mirage,1991,681
725,Pontiac,Torrent,2009,4648
726,GMC,Yukon XL 2500,2006,772
727,Chevrolet,Corsica,1996,523
728,Dodge,Dakota,1993,1443
729,Toyota,RAV4,2004,17
730,GMC,Savana 1500,2007,72
731,Mercedes-Benz,C-Class,1995,872
732,Toyota,RAV4,2009,080
733,Chrysler,300,2008,104
734,Mercedes-Benz,CLK-Class,1998,484
735,Cadillac,STS-V,2008,84267
736,Mitsubishi,Truck,1993,60707
737,Toyota,Corolla,2004,01780
738,Oldsmobile,Alero,2001,24688
739,Mercedes-Benz,SLK-Class,1998,12835
740,Dodge,Stratus,2000,931
741,Porsche,944,1991,9
742,Lexus,ES,1993,994
743,Volvo,740,1992,105
744,Chrysler,Town & Country,2005,058
745,Ford,Aerostar,1995,6
746,Subaru,Forester,2010,86
747,Porsche,Boxster,2013,984
748,Toyota,Celica,1997,78140
749,Nissan,Maxima,2001,108
750,Subaru,XT,1988,048
751,Land Rover,Range Rover Sport,2012,84823
752,Suzuki,Esteem,1999,20542
753,Hyundai,Elantra,2011,1
754,Suzuki,Vitara,2004,855
755,Cadillac,Fleetwood,1992,6
756,Ford,Expedition,2008,5017
757,Porsche,944,1988,868
758,Porsche,911,2009,4781
759,Ford,Escort,1997,938
760,Pontiac,Grand Prix,2006,727
761,Acura,MDX,2012,85
762,Maserati,228,1989,1850
763,Subaru,Impreza,1999,910
764,Jeep,Patriot,2012,2089
765,Ford,Econoline E250,1999,78244
766,BMW,760,2004,305
767,Mitsubishi,L300,1988,6
768,Dodge,Aries,1981,974
769,Dodge,Caravan,1997,5941
770,Toyota,Land Cruiser,2008,34
771,Nissan,240SX,1998,556
772,Oldsmobile,Custom Cruiser,1992,21214
773,GMC,Sierra 3500,2005,251
774,Toyota,T100 Xtra,1998,79
775,Mercury,Topaz,1986,7260
776,Mercedes-Benz,300SD,1992,616
777,GMC,3500,1993,9321
778,Oldsmobile,Silhouette,2003,107
779,Mercedes-Benz,S-Class,1992,036
780,Chrysler,Town & Country,2006,1040
781,Volkswagen,Golf,2003,55
782,Toyota,Solara,1999,971
783,Pontiac,Sunfire,2003,3321
784,Saturn,Outlook,2009,02
785,Ford,Expedition,1999,90
786,Lincoln,Navigator,2011,87
787,Volkswagen,Touareg,2004,3726
788,Lexus,RX,2007,156
789,GMC,Savana 1500,1999,6514
790,Subaru,Tribeca,2011,6
791,Volkswagen,Jetta,2009,3859
792,Suzuki,Daewoo Magnus,2004,35046
793,Cadillac,CTS-V,2012,5077
794,Pontiac,Firebird,2002,6
795,Pontiac,Grand Am,2004,08
796,Audi,A5,2012,5
797,Toyota,MR2,1995,44
798,GMC,Savana 2500,2003,6965
799,Mitsubishi,Pajero,1984,686
800,Mercedes-Benz,G-Class,2009,18102
801,Toyota,Celica,1982,976
802,Ford,E-Series,1986,11
803,Mercury,Monterey,2007,3
804,Toyota,Prius,2005,637
805,Ford,Courier,1986,871
806,Pontiac,Grand Prix,1997,01
807,Porsche,Cayman,2006,11
808,Chevrolet,HHR,2009,09
809,Mazda,B2600,1989,336
810,Ford,Tempo,1993,2635
811,Jaguar,XJ,2010,3895
812,Mitsubishi,Lancer,2003,6442
813,Mazda,MPV,1995,338
814,Dodge,Caravan,1995,919
815,BMW,5 Series,2006,665
816,Dodge,Charger,1968,64872
817,Mitsubishi,Starion,1987,261
818,Ford,Probe,1997,67671
819,Mazda,RX-7,1991,4223
820,Ford,Edge,2009,3597
821,Lincoln,MKX,2009,7
822,Buick,Park Avenue,1995,09
823,Dodge,Ram Van 1500,1997,76
824,Audi,90,1988,1348
825,Buick,Coachbuilder,1992,52325
826,Nissan,Titan,2005,28
827,Maserati,430,1990,385
828,Ford,F350,2008,66
829,Nissan,Xterra,2006,68
830,Jeep,Commander,2010,3149
831,Ford,Five Hundred,2006,266
832,Chrysler,LHS,2001,44
833,Chevrolet,Suburban 2500,1992,213
834,Honda,Odyssey,1998,46
835,Bentley,Brooklands,2009,02
836,Mitsubishi,Montero,2001,702
837,Mitsubishi,Montero,2002,8
838,Subaru,Loyale,1991,3923
839,Nissan,Altima,2005,5111
840,Maybach,62,2003,16
841,Mazda,RX-7,1984,96570
842,Jeep,Compass,2011,45624
843,Toyota,Tacoma,2008,8
844,Volvo,C70,2006,7939
845,Nissan,Pathfinder,2004,3760
846,Pontiac,GTO,1968,0335
847,Acura,NSX,1993,4
848,Honda,Ridgeline,2011,4389
849,Mazda,626,2001,2028
850,Ford,Bronco II,1986,4087
851,Pontiac,Grand Am,1996,9
852,Mitsubishi,Eclipse,2006,3
853,BMW,3 Series,2012,4662
854,Audi,A8,1999,468
855,Chrysler,Sebring,1997,1739
856,Nissan,Altima,2012,38061
857,Saab,9-7X,2005,12
858,Toyota,Supra,1998,60
859,Ford,E-Series,1991,311
860,Volvo,S40,2005,5
861,Aston Martin,V8 Vantage,2012,6
862,Pontiac,Firebird Formula,1992,82186
863,Buick,Rendezvous,2003,384
864,Ford,Mustang,1968,8
865,GMC,3500 Club Coupe,1995,4
866,Jeep,Patriot,2007,85
867,Suzuki,Swift,1990,3704
868,Kia,Borrego,2009,84584
869,Volvo,S80,2006,83676
870,Isuzu,Hombre Space,1997,92
871,Volkswagen,Passat,1994,09
872,Mercury,Cougar,1990,82463
873,Bentley,Continental GT,2008,86
874,Lincoln,Continental Mark VII,1986,4664
875,GMC,Safari,1993,7948
876,Maserati,Quattroporte,2008,3
877,Infiniti,QX,2004,0
878,Oldsmobile,Cutlass Supreme,1992,01
879,Pontiac,Firefly,1984,4416
880,GMC,Sonoma Club Coupe,1998,26980
881,GMC,3500,1996,16
882,Honda,CR-V,2000,99
883,Mazda,RX-7,1985,43668
884,Toyota,Celica,1994,5
885,Nissan,Altima,2002,4578
886,Mitsubishi,Montero Sport,1998,0552
887,Saab,900,1986,000
888,Dodge,Dakota Club,2007,5
889,Ford,Ranger,1996,2
890,BMW,745,2005,2
891,Pontiac,Bonneville,1987,922
892,Jaguar,X-Type,2005,448
893,Cadillac,Seville,2004,48179
894,Mazda,Miata MX-5,1997,9513
895,Mazda,MPV,1996,9
896,Dodge,Ram 3500,2003,7801
897,Pontiac,Bonneville,2001,279
898,Suzuki,Equator,2011,17
899,Bentley,Continental,2006,05499
900,Dodge,Ram 2500,2000,9050
901,Ford,Expedition EL,2011,44
902,Dodge,Ram 2500 Club,1998,8324
903,Hyundai,XG300,2001,67
904,GMC,Savana 3500,2005,509
905,GMC,Yukon XL 1500,2011,74
906,Isuzu,Ascender,2004,86
907,Toyota,Land Cruiser,2007,8
908,Saab,900,1984,3850
909,Mazda,MPV,1990,1835
910,Chrysler,Town & Country,1999,46
911,Chevrolet,Silverado 1500,1999,13
912,Maybach,62,2010,08867
913,Isuzu,Rodeo,2004,063
914,Infiniti,J,1996,0
915,Toyota,Tundra,2009,2534
916,Land Rover,Range Rover,1990,09
917,Dodge,Dakota,2001,939
918,Mercedes-Benz,S-Class,1986,29
919,GMC,Sonoma,1999,14174
920,Lamborghini,Diablo,1993,32242
921,Chevrolet,Silverado 3500,2002,02
922,Audi,TT,2001,2
923,Chevrolet,Suburban 2500,2000,71
924,Mitsubishi,Diamante,1992,937
925,Volkswagen,Phaeton,2006,3231
926,Pontiac,Firebird,2002,65
927,Chevrolet,Suburban 1500,2010,20
928,Mercury,Sable,1987,214
929,Chevrolet,1500,1992,58409
930,Subaru,Outback,2000,089
931,BMW,6 Series,2009,52252
932,Chevrolet,Silverado 1500,2007,3199
933,Volvo,S80,2003,629
934,Audi,Q5,2012,44271
935,Buick,Rainier,2007,6
936,Mercedes-Benz,400E,1992,3075
937,Audi,S8,2007,1
938,Chevrolet,Camaro,1973,1
939,Dodge,Ram Van B150,1994,30
940,Dodge,Dakota,2000,14184
941,Mercury,Marquis,1985,5253
942,Infiniti,QX,2009,90
943,Ford,Ranger,1998,2828
944,BMW,5 Series,2000,8
945,Dodge,Neon,2003,69439
946,Mercury,Sable,1993,9
947,Dodge,Dakota,2009,66817
948,Toyota,Echo,2005,9926
949,Ford,Econoline E350,1997,5
950,Hyundai,Excel,1994,22
951,Lotus,Elan,1991,8
952,Mazda,Tribute,2008,83300
953,Hyundai,Santa Fe,2009,467
954,Volkswagen,Fox,1990,4
955,Chevrolet,Aveo,2008,76361
956,Dodge,Avenger,2009,33397
957,Saab,9-2X,2006,01144
958,Honda,Prelude,1998,54
959,Dodge,Intrepid,1994,6628
960,GMC,Savana 1500,2004,89
961,Volkswagen,New Beetle,2001,0
962,Ford,E350,2011,75
963,Infiniti,G,2001,246
964,Hyundai,Santa Fe,2001,51514
965,Ford,Escort,1987,6455
966,Mercedes-Benz,S-Class,2006,6
967,Chevrolet,Silverado 2500,2000,033
968,Ford,Thunderbird,1984,84
969,GMC,Savana 3500,2006,425
970,Toyota,Paseo,1993,371
971,Chrysler,Fifth Ave,1992,6
972,GMC,Sierra 3500,2003,6
973,Lincoln,Town Car,1998,7
974,GMC,Yukon,2005,82
975,Dodge,Ram 1500,2001,35
976,Chevrolet,Equinox,2007,80143
977,Lexus,RX Hybrid,2012,1
978,Honda,Passport,1998,62
979,Toyota,Celica,2005,5912
980,Mercedes-Benz,500E,1992,86140
981,Ford,Contour,1999,02888
982,Suzuki,Equator,2011,7
983,Ford,Bronco,1984,4675
984,Dodge,Stratus,1995,7180
985,Mazda,929,1991,4
986,Volvo,V70,2001,801
987,Chevrolet,3500,1992,76
988,Toyota,4Runner,2008,546
989,Audi,RS6,2003,5619
990,Isuzu,Amigo,1993,0423
991,Mazda,B-Series Plus,1994,8
992,Hyundai,Elantra,2007,7361
993,Chevrolet,Monte Carlo,2003,899
994,Volvo,XC90,2011,21
995,Ford,Excursion,2002,41336
996,Jaguar,XK Series,1997,49347
997,Cadillac,Catera,1999,17
998,Mercedes-Benz,M-Class,2012,25
999,Toyota,TundraMax,2007,95
1000,Ford,Bronco,1995,18387
1001,Oldsmobile,98,1995,7260
1002,Chrysler,Aspen,2007,810
1003,Jeep,Patriot,2011,3230
